accuracy,precision,recall,f1,f2,roc_auc
0.9588011557016379,0.9288738244072878,0.7979104318653815,0.8450299346638814,0.8152589691373823,0.8958724539107367
