accuracy,precision,recall,f1,f2,roc_auc
0.9514011557016382,0.9605811414804585,0.7964658090724441,0.8444591584081739,0.8139080509709675,0.8971687760546407
