accuracy,precision,recall,f1,f2,roc_auc
0.6,1.0,0.14285714285714285,0.25,0.17241379310344823,0.5714285714285714
