accuracy,precision,recall,f1,f2,roc_auc
0.674,0.6829268292682927,0.15730337078651685,0.2557077625570776,0.18592297476759628,0.5584653499895317
